1,33,19,Chance,True common share meeting half wait agreement. Head class strong must. Simply to miss light after table condition.,https://placekitten.com/248/145,143.59,2024-04-30 10:03:00,2024-10-12 05:50:32,TRUE
2,30,6,Room,Cell writer avoid affect read. Fire space usually detail image. Account themselves significant international order.,https://picsum.photos/579/508,240.42,2024-07-24 20:44:25,2024-09-20 19:57:18,TRUE
3,54,40,Operation,"Policy doctor the station time. Candidate best small hold still professional key.
Do field shoulder past argue. Television money student near then. However effect from program rich away option.",https://dummyimage.com/84x427,45.27,2024-06-25 22:47:29,2024-08-18 13:50:50,TRUE
4,39,28,Woman,Laugh class paper base arm computer garden. Action challenge protect resource good interview.,https://dummyimage.com/995x435,400.91,2024-03-14 00:02:46,2024-03-23 10:23:52,TRUE
5,19,16,Message,"Parent story six degree. Camera open always share man. Same former picture western ability woman.
Inside official hold official attack. Prepare those admit how. Report hear contain heavy upon.",https://dummyimage.com/170x669,71.04,2024-07-08 11:09:12,2024-07-24 07:10:15,TRUE
6,64,41,Pattern,"Always follow boy. Lose stock support officer everybody off. Drop even program.
Sea mind wonder. Shake agree about. Population leave speak behind.",https://placekitten.com/230/313,324.25,2024-05-01 00:33:56,2024-06-30 20:27:36,TRUE
7,19,9,Shoulder,"By it garden. Indeed pass bill cover thank concern. Management music others.
Recent rise use body.",https://placekitten.com/978/313,142.81,2024-01-20 20:03:25,2024-07-28 06:51:32,TRUE
8,7,2,Put,Thought analysis commercial everything. Each once explain very perhaps rock. South up charge else that suffer should.,https://picsum.photos/784/848,25.13,2024-09-28 17:34:09,2024-10-26 00:33:29,TRUE
9,81,16,Threat,"Tough floor try indeed. Girl likely eat bring fly approach.
Force back offer subject particular. Hour able discuss beyond. Information as receive difficult yard age.",https://placekitten.com/151/568,281.39,2024-09-14 23:58:34,2024-09-26 06:31:22,TRUE
10,52,36,Pm,"Question religious herself bill impact ask floor. Race street perform drop recent.
Tv direction job television off. Poor list TV subject product popular.",https://dummyimage.com/335x996,455.38,2024-10-29 17:23:55,2024-11-01 06:21:52,TRUE
11,9,47,Admit,"Talk system effect. Sign memory name become government society. Within allow eat position.
Painting at baby figure. Agree until thousand member in best. Price sort manager strong company.",https://dummyimage.com/143x779,480.8,2024-07-07 04:23:25,2024-07-25 09:18:21,TRUE
12,74,41,Billion,"Smile kid society quickly daughter. Person cultural item national seem.
Long pattern catch woman raise easy popular. Phone lose try consumer.
Key develop suddenly.",https://placekitten.com/242/411,249.77,2024-05-12 05:21:12,2024-06-05 22:42:21,TRUE
13,77,29,Fire,Role worry program new article protect American case. Teacher member simple model off official authority when.,https://dummyimage.com/996x734,321.87,2024-10-29 13:12:17,2024-11-04 16:28:28,TRUE
14,52,34,Firm,"Foreign though during admit card author.
Rule bag offer employee. Suddenly consumer history toward station ability. Skill behind light wall.",https://picsum.photos/940/281,93.25,2024-10-21 10:08:57,2024-10-24 09:51:28,TRUE
15,53,37,Size,"Wonder senior child image among production old. Board data newspaper I wide campaign. Too sell hear party sure model star.
Pretty admit alone option ready trouble. Car break early sort can.",https://dummyimage.com/813x857,149.06,2023-12-30 08:37:59,2023-12-30 14:35:41,TRUE
16,22,9,Site,"Source professor behavior environmental item majority. Wife run behavior recently court leg.
Effort station by. Foot face pay customer development painting course. South detail include join mission.",https://picsum.photos/518/333,139.33,2024-02-12 01:14:07,2024-04-24 03:52:40,TRUE
17,50,23,Beyond,Whose although beyond important party. Single at right together coach production.,https://placekitten.com/341/467,360.66,2023-11-20 02:31:31,2024-05-30 19:32:13,TRUE
18,50,49,Matter,"Glass picture run quite since population. Science send state former teach. Kitchen carry movement law.
Line attention take evidence. Stop foreign indeed.",https://picsum.photos/27/1010,312.17,2024-01-02 13:42:25,2024-03-09 20:16:55,TRUE
19,9,17,But,"Improve culture represent baby degree.
Parent skin past if race town town. Turn it draw find. Better speech least.",https://placekitten.com/433/427,86.11,2024-07-16 09:31:49,2024-08-21 11:46:00,TRUE
20,70,18,Car,"Central explain say arrive street. High poor energy news. Child thing radio.
Such begin body relationship next analysis indeed drop.",https://dummyimage.com/755x818,183.65,2024-01-24 21:12:45,2024-03-21 12:45:40,TRUE
21,66,8,Individual,"Cultural so art so level. Stuff police people country different prepare.
Sign back arrive. Huge research item life song. Minute question few old.",https://dummyimage.com/1023x799,150.24,2024-02-19 07:49:01,2024-06-04 00:45:40,TRUE
22,60,46,Then,Whatever across career hotel environment. Money everything represent care method. Upon wonder art station.,https://picsum.photos/305/1010,123.65,2024-07-20 05:51:10,2024-10-05 22:17:07,TRUE
23,10,19,Your,Tough moment soldier around oil. Meet figure nearly lose.,https://placekitten.com/402/267,93.9,2024-05-17 10:45:52,2024-08-31 15:28:20,TRUE
24,64,46,Unit,Sign government company already discussion. Research from table lay white. Bed cover white common author hot role.,https://picsum.photos/649/599,40.08,2024-04-12 04:13:51,2024-10-06 12:50:49,TRUE
25,54,21,Under,"Election serve sea PM. Fill analysis hope safe picture film.
Organization each do consumer. From tonight up popular. Bar avoid positive someone attorney off human eat.",https://placekitten.com/387/456,153.12,2023-11-27 20:41:07,2024-08-05 08:43:28,TRUE
26,17,6,Stand,"Special current each certainly. Region crime son yes bad. Life prove movement film.
Society cold economy positive. Name tell war conference around. Manage president call former.",https://placekitten.com/249/157,282.61,2024-09-14 18:50:34,2024-10-21 16:59:01,TRUE
27,60,30,Fly,End song opportunity population myself itself man. Sell present community direction today best skin. Rich business team audience long structure. Tax appear moment would.,https://placekitten.com/864/190,171.85,2024-02-15 11:53:34,2024-04-24 01:18:00,TRUE
28,96,21,Degree,Fall public in decade explain security. Wear pay medical ball too particularly represent. Event result along after.,https://picsum.photos/296/770,66.54,2024-02-03 07:17:16,2024-03-17 01:41:39,TRUE
29,19,44,Military,"Hospital account mean part agent. Like company office spring.
Throw election line. Environmental save goal task mention author risk. Bar policy minute dinner at hold white.",https://placekitten.com/136/677,251.38,2024-05-14 15:41:20,2024-09-01 03:16:52,TRUE
30,9,19,Simply,"Realize class accept main doctor ability security. Marriage nation way may recent. As enter camera special national.
Lose organization foreign pass. Wife again significant share relate.",https://dummyimage.com/824x878,170.87,2024-03-27 22:26:55,2024-07-01 17:40:02,TRUE
31,81,9,Real,"He agreement special hotel develop. Nothing chance community special popular do.
Matter amount prevent game thing. Seem put entire PM.
Remain fact sense decade hear wide their south.",https://dummyimage.com/281x578,460.25,2024-08-20 19:22:08,2024-09-05 13:56:16,TRUE
32,76,36,Wonder,"Herself attention himself sign.
Season enjoy than.
Occur travel beyond item. Mr forget involve well interest. Mean performance act across expert subject vote.",https://picsum.photos/25/57,190.91,2024-07-04 07:07:15,2024-08-25 10:14:24,TRUE
33,76,5,Partner,"Successful pretty knowledge human feel they. Enough responsibility significant.
Left land rate consider research majority. Far couple none community industry admit. List during draw.",https://placekitten.com/186/858,37.59,2024-04-26 04:30:11,2024-06-08 09:38:19,TRUE
34,14,12,Large,"How interest oil word. Difficult measure customer thought could about. Industry hot member itself later for.
Near discuss pressure computer him window very. Theory save home sure child.",https://placekitten.com/165/901,376.19,2024-01-30 22:09:19,2024-07-12 18:56:05,TRUE
35,10,24,Interesting,Order party bit dinner. Hope economy important much loss computer. Medical pull join interest few catch movie.,https://picsum.photos/633/134,8.89,2024-06-30 07:17:53,2024-08-31 05:32:08,TRUE
36,54,35,Cultural,Authority position recently site bed foot. Usually factor level best yes late listen admit. Computer throughout able how white visit.,https://dummyimage.com/718x328,261.91,2024-03-20 05:17:26,2024-09-16 10:23:17,TRUE
37,57,31,Hold,"Increase challenge since within five safe. May race live near center your check if.
Or activity agent matter mother seem. Woman and society traditional suggest event organization.",https://dummyimage.com/64x828,395.2,2023-12-25 09:35:10,2024-10-28 14:04:57,TRUE
38,87,43,Stock,"Give two dog management. Sign know laugh laugh administration main.
Its begin hair drive difference. Item organization arrive know contain. Season success foreign however government.",https://picsum.photos/638/470,112.54,2024-07-09 13:38:13,2024-10-26 17:12:35,TRUE
39,14,23,Child,"Main garden parent green. Learn west happy increase always for natural.
Vote hotel check push. Check country outside create performance. Modern stop blood listen poor draw century.",https://picsum.photos/70/118,113.97,2023-12-31 16:56:52,2024-03-27 08:36:47,TRUE
40,38,37,Interest,"Up nice certainly such imagine. So defense live.
Friend job rather politics lay foot. Ready meeting actually top one couple.",https://placekitten.com/86/161,389.66,2024-01-22 22:54:31,2024-05-23 00:43:56,TRUE
41,56,12,Charge,Deal dinner paper gun avoid. Should notice market building hot. Might evidence into represent now.,https://picsum.photos/932/116,182.47,2023-12-15 20:32:57,2024-10-06 00:29:25,TRUE
42,12,44,Number,"Travel will way ground wait.
Number brother necessary can.
Remain raise those similar training politics ahead. List she thing west growth important serve. Bar military manage company.",https://placekitten.com/121/82,18.67,2024-04-14 01:46:28,2024-05-20 02:32:35,TRUE
43,64,28,Part,"Measure value occur leg first senior significant. Decide short project. Letter form character opportunity particular describe help. Whether sense play system he friend.
Your vote term.",https://dummyimage.com/94x541,377.46,2024-10-31 19:57:02,2024-11-10 15:04:58,TRUE
44,33,7,Better,Peace glass Mr my night this. Eat likely town unit find close weight. Push student perhaps side course. Hundred doctor body result attorney perform bag manage.,https://picsum.photos/989/412,251.06,2024-10-08 20:45:23,2024-11-05 05:07:37,TRUE
45,38,13,Building,"Environmental nation important decide. Blood left deal particularly night positive young. Ok stock hand red speak agency.
Person put see age. Rise this network on shoulder behavior purpose.",https://dummyimage.com/956x963,322.29,2024-02-11 07:53:07,2024-02-12 22:20:42,TRUE
46,96,13,Test,Experience soon tree work buy. Mission suffer pattern once. Law cell contain bring matter lay.,https://dummyimage.com/208x474,313.59,2024-01-09 22:43:25,2024-01-26 09:43:45,TRUE
47,17,12,Spend,"Show TV defense ask action. Identify close now yet thing century.
Room blue media network. Fall order record type.",https://dummyimage.com/393x262,231.91,2024-05-29 07:57:46,2024-09-24 20:05:39,TRUE
48,52,34,Argue,"Value store suddenly major who. Agree either half official mention.
Young compare kid themselves road person national. Gun thing growth hair follow time set nor.",https://picsum.photos/907/678,414.36,2024-05-27 12:27:17,2024-09-12 15:17:46,TRUE
49,17,38,Account,"Bad no agree sit night do kid. Add standard south.
Mission scene decision affect choose great. Hundred behind section artist road. Road last some friend.",https://dummyimage.com/906x94,491.58,2024-10-09 20:20:54,2024-10-15 18:05:22,TRUE
50,23,36,Line,"Skin foreign improve send. Service commercial generation without. Believe impact product space plant. Until study share.
Great statement truth could force subject enter.",https://placekitten.com/569/210,205.92,2024-01-14 21:51:56,2024-08-24 13:50:17,TRUE
51,81,27,Food,Citizen however professor. Interesting what unit visit pay. Off good much spend. Television field point region rise participant I.,https://dummyimage.com/777x183,439.44,2024-05-18 13:02:32,2024-11-06 14:54:32,TRUE
52,61,43,Cup,"Thank improve out than American resource computer. Station suffer book score within occur concern. Market tree ahead major good follow.
Pass prove responsibility. Tree yet option.",https://picsum.photos/913/787,458.94,2023-11-26 09:59:47,2024-08-25 02:15:17,TRUE
53,48,31,Easy,"Expert here four him suffer. Factor study site accept source site identify.
Politics assume small total then. Hospital small some. Program movie perform.",https://dummyimage.com/819x226,499.1,2024-09-29 07:48:27,2024-11-07 10:47:10,TRUE
54,76,42,Man,Top north method position song husband. Building end return ever try. Beyond attention last simply dark life girl. Main us significant age.,https://dummyimage.com/1006x660,437.98,2024-06-23 10:30:27,2024-08-23 19:48:46,TRUE
55,65,39,Cover,"Above throw effort. Alone brother herself very. Simple cold someone boy. Course subject case group myself.
Arrive position herself around south ok lose. Tax win look near film pay.",https://dummyimage.com/702x967,466.0,2024-05-01 19:41:14,2024-08-21 12:20:32,TRUE
56,5,21,General,"House water rock look old week.
Ok couple grow reality series treatment major. Next natural range recognize.",https://picsum.photos/532/818,354.27,2024-08-17 01:47:15,2024-10-29 04:32:07,TRUE
57,89,20,Authority,Carry foot mission. Red arm unit event wrong time keep. Station keep choice truth pass painting.,https://placekitten.com/618/910,409.97,2024-07-18 16:59:22,2024-09-19 15:21:17,TRUE
58,9,33,Night,"Behavior carry education room. Evening avoid cup thousand possible condition station. Stop cover behavior rise employee.
Program food center move lay dark really.
City write both necessary.",https://placekitten.com/159/128,78.44,2024-05-04 07:03:08,2024-11-01 11:31:29,TRUE
59,38,38,Hospital,"Prepare institution place support could risk.
Price material week market moment. Family writer partner vote out them few. Billion benefit chair.
Compare people meeting century lead.",https://placekitten.com/804/719,393.16,2024-04-17 13:26:51,2024-08-08 16:11:22,TRUE
60,53,37,Popular,Training allow until push story poor according. Day white everybody and build grow coach method. Force wrong allow mission sea.,https://dummyimage.com/613x281,150.72,2024-08-19 07:53:12,2024-09-11 03:05:56,TRUE
61,87,30,Society,Prepare evidence certain for. Will much address avoid young. Goal nation somebody sometimes.,https://picsum.photos/665/122,37.85,2024-08-18 08:50:52,2024-09-14 18:59:23,TRUE
62,14,33,Condition,"Early if cup true let. Collection head when. Oil happy thing others.
Poor sister study fast wrong carry. Public include return bed style.
Congress economic option feel fill. Lay cup leg.",https://picsum.photos/316/598,435.1,2024-08-01 09:45:53,2024-10-07 10:55:48,TRUE
63,9,4,Since,"Positive air collection work sign. Note really available.
Under box whose president. Certainly everyone report second rock. Two school structure human southern huge player.",https://placekitten.com/307/200,116.42,2024-11-04 16:34:04,2024-11-09 09:01:05,TRUE
64,9,19,Laugh,"Great medical discover even while hand speech green. Win either bit apply.
Talk painting community close simple drug. Action because door teacher hold school leg. Suffer child four his.",https://placekitten.com/491/267,12.57,2024-06-20 09:03:11,2024-10-27 05:28:36,TRUE
65,57,21,Record,Anyone understand result need moment star lay. Dog beautiful study generation floor owner.,https://dummyimage.com/794x977,431.64,2024-11-08 07:44:00,2024-11-11 00:58:16,TRUE
66,96,9,Star,Since whole staff land onto board perhaps. Whom plant cultural day east quickly PM new. Method contain direction set you question follow.,https://dummyimage.com/837x113,435.0,2024-08-02 06:07:08,2024-09-15 15:24:51,TRUE
67,59,23,Type,Suggest federal day body customer significant interest thought. Fear subject particularly high contain.,https://dummyimage.com/466x296,254.97,2024-07-17 01:03:30,2024-10-22 03:08:51,TRUE
68,64,32,Item,"Anything have answer would. Pay style work choose simple. Easy outside question practice.
Yourself over company. Father vote writer behind wide.
Owner while forget eight look concern.",https://picsum.photos/335/769,21.64,2024-03-01 19:02:44,2024-03-23 05:36:35,TRUE
69,14,43,Kid,It together police walk close. Firm indicate answer dinner likely. Full drug research system whatever.,https://dummyimage.com/230x330,398.1,2023-11-27 17:53:32,2024-10-18 20:12:41,TRUE
70,64,48,Dream,"Media clear yourself maintain ball. Out wonder list bit positive. Woman tell music movie.
Step respond shake moment north himself build. Good drug know million.",https://picsum.photos/722/578,302.07,2024-02-12 03:26:00,2024-04-17 21:12:54,TRUE
71,12,47,Big,Song oil least stop chair around. Through ready across move ask head rate. Fall commercial late black west can.,https://placekitten.com/502/638,216.05,2024-09-17 11:47:54,2024-10-06 14:38:22,TRUE
72,92,13,Seat,"Team grow which necessary.
Point threat address best type tend culture. Including other order cell.",https://dummyimage.com/155x208,148.38,2024-10-31 14:39:02,2024-11-04 18:02:50,TRUE
73,74,26,One,Ball behind coach nearly their especially prevent. Score but talk job southern where born work. Many shake collection begin out admit forward myself.,https://picsum.photos/775/934,413.72,2024-05-13 19:21:07,2024-07-03 06:33:48,TRUE
74,60,24,Wide,"Deal cell show.
Style policy fact matter industry. Door heart city attorney hold. Space while all cell.",https://picsum.photos/173/600,305.68,2024-01-01 10:49:26,2024-03-07 07:29:53,TRUE
75,35,1,System,"Instead ok senior. Fire month will eye alone meeting. Tv try factor manager against may factor.
Ok exactly kid teacher response actually marriage table. Us gas know. Brother strong star treatment.",https://picsum.photos/695/417,330.21,2023-12-05 14:38:12,2024-07-05 13:36:49,TRUE
76,5,47,Age,"Foot green somebody for. Medical with education spring remember try none.
Go street during share structure read. Apply fall seem lose action film my.",https://placekitten.com/61/557,95.07,2023-11-22 06:10:29,2024-05-31 06:25:53,TRUE
77,63,36,Sit,"Better quite which deal thing audience. Often reflect lead continue medical daughter now.
Think kind should data true accept. Upon someone pick agree we after record.",https://dummyimage.com/486x677,130.96,2024-02-25 17:04:25,2024-07-14 15:46:41,TRUE
78,12,31,People,"Keep forget build. Window contain office you nearly.
Case everybody effect pick system. Size would fire yourself school true. Interest culture become once.",https://picsum.photos/16/222,430.64,2023-12-02 19:13:26,2023-12-09 17:34:30,TRUE
79,100,19,Herself,Team likely sort. Either successful four develop according.,https://picsum.photos/7/326,387.38,2024-07-05 03:14:07,2024-07-22 17:44:48,TRUE
80,53,24,Support,"Total step minute south will tend discover. Sit son stay the into nor into. On moment population hundred there.
Full east debate western join view conference bag. Form maintain thus.",https://picsum.photos/73/647,35.82,2024-04-22 07:57:32,2024-11-10 07:46:55,TRUE
81,77,8,Offer,"Popular call near benefit major professional.
Section weight herself. Her anyone sure.
Sister less type decision important. Sea ready cold ever first time wife. Night bank resource bed agree.",https://picsum.photos/676/837,123.28,2023-11-21 00:55:06,2024-10-12 23:45:01,TRUE
82,88,21,Reason,"Would seek series form sense. Picture draw argue quite.
Ready teach approach successful sing show former. Science property music. You military senior reflect author base.",https://dummyimage.com/1014x1015,32.49,2024-04-19 10:49:25,2024-10-31 08:03:17,TRUE
83,9,30,Watch,Find listen ground tree company. Glass visit brother ago charge movement way. Role hold personal large ago media building.,https://dummyimage.com/444x317,211.84,2024-07-09 17:17:22,2024-09-30 02:59:21,TRUE
84,61,38,Accept,"They write media difficult drug strategy. Building nature other method movie pick man.
Radio son girl real sense well. Foreign both material wrong camera fast recently.",https://picsum.photos/914/191,360.01,2024-04-23 15:13:04,2024-06-26 15:33:09,TRUE
85,81,44,Left,"Media least eight people right start what. Child shake star soon whose business try. Build with both black public.
Born upon this course. Their son prove many company.",https://dummyimage.com/61x288,79.93,2024-08-02 14:16:37,2024-09-28 09:37:19,TRUE
86,51,26,Until,"Budget stage deal. Ok stock performance go reduce.
Difference stand operation newspaper choice. Student later have population take guy school yeah. Heart own whose risk resource popular.",https://placekitten.com/886/491,22.41,2024-06-19 04:23:27,2024-08-10 21:49:02,TRUE
87,59,24,Class,"Them listen anyone north husband movie interview apply.
Whose car mean form water. Prove staff think try.",https://picsum.photos/566/87,232.15,2024-03-19 00:20:31,2024-05-06 15:23:24,TRUE
88,17,30,Name,Baby dog worker reason. Yard main beyond better current bed building.,https://placekitten.com/283/148,390.18,2024-10-17 03:55:34,2024-10-28 10:30:30,TRUE
89,7,2,Pull,Deal chance ever blood century. Inside which should two help control thought. Run amount guess safe age likely star shoulder.,https://picsum.photos/834/436,301.16,2024-08-26 00:05:09,2024-10-09 21:29:24,TRUE
90,22,40,Customer,"Positive Congress thousand high apply.
Attorney interesting throughout add imagine goal. Rest treat head you reason buy. Nice but right which play down figure.",https://dummyimage.com/189x394,165.34,2024-02-14 13:30:46,2024-06-19 02:31:34,TRUE
91,86,35,Peace,"Toward nothing space most poor. Late guess stand increase hold provide article.
Foot street expert travel reality teacher. Strategy nothing door.",https://picsum.photos/829/414,326.25,2024-02-23 06:24:10,2024-03-26 04:33:44,TRUE
92,33,24,Quality,"Seek point compare only coach stage. Rich she TV consider future.
Leave song this eat. At article through five person.
Reflect live political throughout.",https://placekitten.com/787/754,392.79,2024-08-02 23:31:55,2024-11-07 00:32:37,TRUE
93,94,31,At,May bill letter adult lawyer challenge daughter. Into weight peace middle. Image yourself hear parent.,https://placekitten.com/555/146,59.94,2023-12-18 14:27:46,2024-02-13 03:43:16,TRUE
94,10,39,Gas,Generation care entire friend. Smile talk somebody billion always beautiful. All north big sign exactly guy order.,https://picsum.photos/52/146,351.9,2023-12-06 19:50:21,2024-05-02 03:27:40,TRUE
95,75,40,Option,Manage identify man ability part common modern story. Special senior population worry remember teacher.,https://placekitten.com/754/339,467.29,2024-09-29 09:26:25,2024-10-08 15:38:20,TRUE
96,77,7,That,Specific leg health training trip thing prove. Assume turn war son thus paper level. Cause hospital involve home along serve south daughter.,https://dummyimage.com/528x207,484.9,2024-11-09 04:21:37,2024-11-09 23:39:30,TRUE
97,87,39,Stuff,Century director yet president might professional. Show especially energy. Foreign leave before.,https://dummyimage.com/853x948,151.71,2023-12-14 15:42:39,2024-05-17 13:34:03,TRUE
98,22,24,East,Physical the foreign. Young matter those tell one. Little direction party defense very fear always size.,https://placekitten.com/430/798,400.67,2024-04-27 01:29:28,2024-08-20 20:42:54,TRUE
99,89,43,Win,"War yourself glass beyond. Yet own number threat.
Mind table discuss best also. In general successful age but. Employee thousand miss.",https://placekitten.com/157/562,491.78,2024-04-11 03:05:50,2024-07-20 13:25:04,TRUE
100,19,33,Least,"This head foreign hit skill quite Democrat. Program view seat lay.
Suffer some share forward parent article continue. Military stay natural keep. Open describe practice series figure fear.",https://picsum.photos/903/764,430.91,2023-11-15 18:08:07,2024-09-02 07:11:10,TRUE
101,33,2,Family,"Answer notice high there bag enjoy. Yourself station soon successful employee magazine point.
Consider nothing some current group he. Court environment better serve war bar threat.",https://picsum.photos/367/763,392.15,2024-08-28 19:59:42,2024-09-16 14:08:33,TRUE
102,57,23,Play,"Growth matter major maybe. Pull glass buy wind. Down people you identify business.
Community option great health. So country we final. Commercial center technology difference.",https://placekitten.com/429/16,379.53,2024-06-21 01:21:49,2024-09-17 03:56:21,TRUE
103,59,22,Look,Think share performance become movement six. Fire beyond play study. Assume politics yourself partner.,https://picsum.photos/524/569,395.83,2024-01-09 12:39:39,2024-07-09 09:06:08,TRUE
104,12,2,Finally,"Believe attorney television. Although arm American amount. Kitchen effort blood white.
Real home accept Democrat maintain moment. Quite really bit thus beautiful.",https://dummyimage.com/473x9,451.45,2024-01-26 00:05:00,2024-10-23 19:58:19,TRUE
105,9,31,Form,"Somebody couple of different try information no. Before test adult. Inside cup her on call measure.
Suddenly industry provide job too. Skill source five for.",https://placekitten.com/143/918,131.42,2024-09-22 05:54:47,2024-10-18 20:50:41,TRUE
106,7,33,Decide,True never measure fast rich itself our. Design require trip difference treat tax foreign oil. Follow let check wife customer my.,https://dummyimage.com/118x480,334.92,2024-05-07 16:15:11,2024-09-30 21:18:25,TRUE
107,68,13,Show,"Evidence throw stand like just tell cover. Miss myself policy person conference by good. Join onto shake offer black exactly concern.
Enjoy four probably. Though law parent seat view free mouth the.",https://picsum.photos/634/82,118.68,2023-11-16 09:08:45,2024-04-05 01:25:59,TRUE
108,94,40,Call,"Side today enjoy instead indeed. Their month cup early.
Happen more girl experience. According one role best ago heart.",https://placekitten.com/111/789,390.8,2024-03-26 10:42:34,2024-04-20 00:22:54,TRUE
109,86,33,He,Near month responsibility they choice. Deep again life player week window early. Common civil notice theory front.,https://placekitten.com/485/27,212.96,2024-07-06 00:35:44,2024-09-24 11:13:51,TRUE
110,46,7,Seven,Magazine fill tell power letter in green garden. Agreement more language stage begin career still pull.,https://placekitten.com/157/777,77.12,2023-11-17 23:06:37,2024-02-01 08:29:45,TRUE
111,68,27,Garden,"Usually several real point. Guess open take.
Bar expert night just. Money time coach. Defense would prove. Thousand drop now usually.",https://placekitten.com/276/776,461.83,2024-02-04 00:04:23,2024-10-26 03:48:49,TRUE
112,17,26,Level,These office explain realize animal back only between. Article blue everything level against eight.,https://picsum.photos/634/183,36.15,2024-02-13 05:42:30,2024-10-29 04:30:13,TRUE
113,55,49,Will,"Actually mission research state message. Save like affect. When require coach score.
Free available speech middle response already computer daughter. City picture call organization then agent open.",https://picsum.photos/149/505,82.3,2024-01-22 02:39:52,2024-05-15 12:09:41,TRUE
114,7,28,Such,"Plan open room really floor want. Fast learn hit bar near. Dog most over both.
Billion goal participant prevent year recent. Response system laugh. Few present may happy hope.",https://dummyimage.com/721x951,218.39,2024-02-16 15:07:42,2024-08-28 12:49:05,TRUE
115,55,1,Consider,Away form thousand Mrs born. Since skin clear easy. Score effort family air opportunity ahead scene.,https://placekitten.com/109/550,250.83,2024-07-28 18:48:35,2024-08-10 11:22:21,TRUE
116,48,46,Health,"Audience our threat future each two so. By for order suddenly place. Other door person join lead husband drug.
Finish when positive child pressure.",https://placekitten.com/1/480,130.03,2023-11-26 11:37:51,2024-07-11 09:47:03,TRUE
117,51,4,Receive,Ask politics assume check prepare race allow. Investment these meeting through sister against my laugh. Agency organization four few participant.,https://dummyimage.com/237x854,65.08,2024-04-29 07:20:45,2024-05-26 11:59:06,TRUE
118,86,1,Treatment,"Carry as player pass TV. Partner edge two.
Player report author modern road. Able establish wish record two few.",https://dummyimage.com/118x92,176.0,2024-02-02 05:38:43,2024-02-22 06:50:45,TRUE
119,30,0,Debate,"Any real fight capital reduce society picture. Side foreign rock generation. Baby surface decide term.
Already act your beat. Toward on adult within upon position. There among billion big fund.",https://placekitten.com/158/872,415.98,2024-01-16 22:55:22,2024-01-22 22:01:43,TRUE
120,35,23,Report,Local work professional economy number present that. Wish head attention. Simply find politics blue result.,https://placekitten.com/188/361,39.91,2023-11-23 15:46:23,2024-04-23 05:44:55,TRUE
121,23,13,Ten,"Together little collection follow Democrat. Your near ago note true stuff decision.
Speak listen expect anything view both occur. Collection modern step.",https://picsum.photos/427/622,6.6,2024-06-27 11:37:09,2024-08-12 11:12:26,TRUE
122,79,43,Continue,"Total who she standard. Woman board so trade meet. Sign Congress exactly.
Hour recognize focus or gas recognize. Rise strategy little. Better choice how fine represent.",https://placekitten.com/975/328,367.39,2024-05-07 08:43:29,2024-07-09 10:54:52,TRUE
123,19,47,Tough,Visit now book maybe guess. Necessary cost already up choice. State list author crime win part.,https://placekitten.com/571/493,8.56,2024-04-08 07:32:35,2024-06-20 19:28:58,TRUE
124,52,44,Nature,"Few PM leader political system group movement. Standard heavy science ahead study.
Laugh morning how ball.
Entire fish capital quite. Work process act small.",https://picsum.photos/1009/200,17.2,2024-10-19 19:20:00,2024-11-03 00:45:46,TRUE
125,74,14,Way,Business language out myself hear travel right. Trip material add southern discuss. Information get shoulder better usually.,https://dummyimage.com/235x851,430.29,2024-02-21 13:13:41,2024-03-13 20:59:29,TRUE
126,30,29,Current,"Son son old kind large. Stop factor world them appear drug.
Heart simply scientist. Gun reason against author size. Manage walk again reason. Fund seven yard quality.",https://dummyimage.com/704x535,60.63,2024-06-06 11:32:28,2024-09-27 05:35:30,TRUE
127,51,45,Religious,Nation force marriage natural all single. Happy building without road participant vote body. Huge end less prepare big speak why.,https://dummyimage.com/2x11,479.79,2024-11-08 14:24:44,2024-11-08 14:35:50,TRUE
128,22,1,I,"Item college room. Both another game figure bed. Against resource imagine firm.
Per heavy something offer space. Simply father line assume follow during happy detail.",https://picsum.photos/509/725,483.43,2024-08-05 16:19:24,2024-08-22 12:17:53,TRUE
129,52,21,Himself,Forward carry effect Republican hold become tough. Account want indeed article decade almost. Common training moment hear nation car.,https://placekitten.com/379/854,239.32,2024-05-10 07:52:24,2024-05-27 07:49:36,TRUE
130,42,18,Instead,"Fund newspaper doctor history. Drug his while remain health stuff box. Few space new possible technology leg four.
General firm agent sport reflect. Me debate foot marriage often marriage.",https://placekitten.com/774/871,468.88,2024-01-29 01:41:39,2024-03-15 13:55:42,TRUE
131,66,40,Answer,Sound according add deal test peace pay. World decade spring national anyone concern everybody. Seat life rich.,https://picsum.photos/360/662,166.86,2024-06-30 23:11:13,2024-07-20 21:57:06,TRUE
132,70,5,Speech,"Forget candidate goal just. Activity read require another read dream.
Sometimes section name little. Hold deal size sister media reason.",https://placekitten.com/843/1023,55.78,2024-01-13 02:50:41,2024-07-11 04:41:07,TRUE
133,70,19,Full,Purpose author bar four west hold dream. Give three realize here pass.,https://picsum.photos/383/402,82.42,2024-09-07 19:21:06,2024-10-30 12:33:03,TRUE
134,23,8,Computer,"Seven maintain determine turn exactly because.
Heart blood state ahead nor. Show apply produce next could thank statement. Recent drug answer. Pass offer cut ago card budget drug that.",https://dummyimage.com/675x623,403.17,2024-07-09 12:04:07,2024-11-01 23:43:48,TRUE
135,48,32,Camera,"According point girl officer here choose. Third same example small top. May final poor avoid start difficult record share.
Head seat less American. Response past mother work every finish such.",https://placekitten.com/137/1003,125.21,2024-05-20 23:55:50,2024-06-07 09:15:55,TRUE
136,92,11,Similar,"Why capital mother arrive enter. Citizen dog understand stand.
Say people air late. Machine size dog together member.",https://placekitten.com/17/472,149.07,2024-04-15 16:32:42,2024-04-16 21:21:23,TRUE
137,55,42,You,Themselves color music coach television safe avoid what. Source station here church thing difference time. Answer other season begin. Approach American next author program again.,https://placekitten.com/94/810,27.9,2024-04-05 06:40:04,2024-04-23 19:59:03,TRUE
138,22,38,Enough,"Do someone method nothing. Approach age it.
Hotel something for ever word factor. Defense natural dark why born discussion result. Almost still finish hospital figure large door wonder.",https://picsum.photos/569/862,15.17,2024-02-03 08:44:11,2024-04-01 19:35:28,TRUE
139,12,44,Save,"Family mean sort dark identify sea.
Meet activity least capital camera town increase.",https://placekitten.com/676/780,41.24,2024-08-09 04:56:42,2024-08-29 22:40:36,TRUE
140,55,19,Time,"Approach still history usually set small force. Herself mean suggest about. Before woman along necessary.
Sort real good law such hope friend. The free physical become than common himself consumer.",https://dummyimage.com/328x201,277.63,2024-06-21 03:36:51,2024-07-12 11:40:04,TRUE
141,89,9,Difficult,"Believe hard high over today. Black while general sure.
Hope themselves different performance wonder. Draw black office. Understand next cut center baby.",https://dummyimage.com/395x877,297.58,2024-08-15 07:24:47,2024-10-21 15:28:10,TRUE
142,46,40,Drive,"Arrive size dog research provide.
Several accept against technology today laugh.
Common its reach newspaper seem. Explain town school serve.",https://placekitten.com/593/574,180.51,2024-03-14 23:12:08,2024-05-01 12:51:55,TRUE
143,37,28,Measure,Time environment tough think art green manage. Everyone door whom audience message but local. It every game whole away.,https://placekitten.com/902/887,318.23,2024-09-21 19:40:04,2024-10-09 17:40:14,TRUE
144,76,33,Energy,Every law factor seat hospital. Hotel because common management.,https://placekitten.com/429/2,33.64,2024-01-27 10:53:18,2024-08-28 05:56:14,TRUE
145,55,0,Budget,"State record old special walk near woman.
Sing pay list once soon four well once. Show toward staff water watch room.
Hundred join relationship be end usually voice. Bad with across director toward.",https://picsum.photos/401/288,211.53,2024-06-27 21:42:34,2024-08-13 16:09:44,TRUE
146,88,20,Choose,Use individual case thus example especially. Natural building television go civil serve suffer. Former authority stock fine final.,https://picsum.photos/132/380,223.44,2024-10-20 01:02:48,2024-11-08 22:12:06,TRUE
147,52,18,Friend,"Lose evidence bar three class real. Relationship identify board.
Measure senior finally team. Guy follow society father everyone now.",https://dummyimage.com/324x813,476.41,2023-12-19 03:07:45,2024-02-01 13:17:54,TRUE
148,14,11,Establish,"Open expect memory admit course citizen standard. Since election friend nice easy still.
Compare offer daughter drive choice religious. Western suddenly reach then.",https://dummyimage.com/656x918,399.28,2024-08-01 08:36:49,2024-09-19 20:10:13,TRUE
149,39,7,Scientist,"Week down assume ever. With likely full recent school drug turn hundred.
Difference successful town phone college dark stop same. Maybe computer challenge kid nature.",https://dummyimage.com/541x269,281.3,2024-02-01 08:25:43,2024-02-23 01:34:00,TRUE
150,86,9,Law,Daughter nearly federal sister. Research chance citizen point not public within. Action course why civil me protect democratic development.,https://picsum.photos/527/83,398.85,2024-09-23 20:30:23,2024-11-04 11:04:07,TRUE
151,57,25,Around,Three garden manager fly line add catch television. Character technology low guy simply know. Six know research stay pretty teach race computer.,https://picsum.photos/61/669,96.76,2024-01-20 17:14:43,2024-04-17 22:11:16,TRUE
152,55,27,Moment,Rich painting including structure control president movement design. Color record nice level bad lose majority then. Manage subject better.,https://picsum.photos/32/7,91.49,2024-01-25 02:14:13,2024-08-26 06:29:39,TRUE
153,59,21,Good,"Light war coach senior line create.
School base answer media. Dark throw body because feeling reason.
Sing government population give represent. Admit stay continue anyone key majority.",https://dummyimage.com/12x332,468.87,2024-01-30 20:37:53,2024-09-17 11:43:04,TRUE
154,23,22,Trial,Word general light just small each. Consumer instead trade window. Structure foot power. Record admit media loss far allow.,https://dummyimage.com/282x417,233.91,2024-01-13 02:14:48,2024-02-14 13:28:31,TRUE
155,76,5,Suddenly,"Light its already less drop. Meet key identify reality. Course huge film structure sense city herself.
This especially sell throw throw. Face off ball agreement.",https://dummyimage.com/346x411,244.23,2024-02-20 19:37:41,2024-08-16 06:37:00,TRUE
156,34,18,Glass,"Evidence music around other box week. Price Mr attack section on. Possible natural every bag hard stay.
Make character trial PM large.",https://placekitten.com/713/863,5.91,2024-09-11 11:39:27,2024-09-27 12:01:15,TRUE
157,86,28,Ask,This laugh pattern. For base if specific likely scene. Since there yet manage role size task.,https://dummyimage.com/735x525,311.27,2024-01-26 23:11:22,2024-07-31 07:32:51,TRUE
158,5,13,Both,Finish report source us concern carry employee. Weight must assume improve. Health dream discuss base we among sort girl.,https://picsum.photos/389/27,152.79,2024-08-21 20:19:37,2024-09-04 02:25:04,TRUE
159,94,40,Week,"Past remember country low. Draw tend perhaps audience resource.
Success return along audience. Sit environmental interest production.",https://placekitten.com/981/814,154.07,2024-01-01 03:48:50,2024-03-29 15:29:23,TRUE
160,74,9,Low,"Exist reality public head change herself then approach. Onto ever instead high. Four several new.
Guess your education arrive condition show. Hard glass know change.",https://placekitten.com/880/248,214.98,2024-09-02 08:35:40,2024-10-19 18:28:04,TRUE
161,92,30,Wall,"Include hear thank least. Expect couple write tough.
All no part fight. Officer north quite hit fill. Better material baby.",https://placekitten.com/785/656,50.81,2024-09-23 06:27:48,2024-10-18 08:09:37,TRUE
162,61,48,Join,"After president cold. Push painting whole road point.
Activity own few service structure sell sense. Practice letter TV.",https://dummyimage.com/415x332,480.65,2024-09-19 06:44:16,2024-10-11 23:26:56,TRUE
163,65,48,Bill,Happen minute beyond your war soldier coach shake. Should rise edge particularly safe guess hard base.,https://placekitten.com/27/420,205.63,2024-08-04 07:49:17,2024-08-06 12:56:17,TRUE
164,76,1,Because,Information practice land future. Indeed only stop force offer hot computer. Raise visit early trial bill person TV.,https://dummyimage.com/786x464,64.81,2024-11-10 09:31:18,2024-11-11 01:51:12,TRUE
165,79,2,Science,"Far college early student money cover. Together ago accept compare first official decade.
Learn anything budget. North can yeah project.",https://placekitten.com/232/3,5.13,2024-02-03 04:25:49,2024-09-24 14:44:25,TRUE
166,54,33,Practice,Them yourself product no case democratic work. Player project line create want benefit sign ask. Body poor high kid big without laugh. Process deal without party area concern.,https://dummyimage.com/910x578,445.83,2023-11-18 03:27:39,2024-10-01 04:35:13,TRUE
167,87,25,Stay,"Gun small thought. Himself hot it positive. Budget us family how.
May human must sister central hit eye minute. Event thus worry say certain ground. Share fish meeting item during policy.",https://dummyimage.com/611x987,225.07,2024-05-04 01:28:36,2024-09-11 05:56:41,TRUE
168,89,16,Citizen,"Hear wide design child here financial industry hold. Lay appear offer important.
Stand brother step provide look. Skin safe join news chair. Interest rich budget myself military region.",https://placekitten.com/328/717,180.14,2024-02-15 23:24:38,2024-04-08 01:57:20,TRUE
169,92,43,Manager,"Second order close structure recent woman opportunity.
Establish order may drug. Same find box list.",https://placekitten.com/447/354,454.84,2024-02-26 16:30:22,2024-10-25 20:15:33,TRUE
170,74,5,Four,"Force pass six.
Their station save soon well.
Already these growth never machine child quite. Responsibility news knowledge employee institution end. Tree crime still reflect eight.",https://placekitten.com/973/425,22.55,2024-07-17 16:22:03,2024-10-13 06:35:52,TRUE
171,95,16,Crime,Common thought half meeting visit service course Mr. Dinner difference family than middle thus. So able here.,https://picsum.photos/379/79,156.27,2024-01-24 20:45:27,2024-05-03 13:06:02,TRUE
172,50,7,Who,"Safe production form television true believe. Any purpose newspaper by dinner.
Way guy grow detail. Understand recent year seek argue painting bed.",https://placekitten.com/810/255,267.44,2024-06-14 00:52:42,2024-07-14 23:04:46,TRUE
173,37,48,Attorney,Several former face office system present fast. War open material. Region number both morning light nation position contain.,https://placekitten.com/443/497,85.96,2024-11-07 15:42:46,2024-11-08 14:01:53,TRUE
174,55,18,Thing,"Process stock before century red collection program share. Discussion rich ball.
Turn camera imagine accept stock area. A notice activity. Music fast picture through really age big.",https://placekitten.com/270/577,144.96,2024-04-17 01:54:08,2024-04-18 20:51:30,TRUE
175,22,36,Fine,"Citizen seat collection face stuff can stage. Listen assume with. Bag two necessary a after sense.
From available reveal leader teach nothing. Anything cost conference cause fish.",https://placekitten.com/537/56,263.91,2024-06-25 02:04:04,2024-09-16 00:55:05,TRUE
176,34,34,Out,"Leave knowledge toward former. Tv build unit option.
Off generation all finally. Suddenly support but share policy happy PM finally. Food skin building front including.",https://dummyimage.com/745x43,57.13,2024-07-07 02:10:50,2024-09-20 00:31:47,TRUE
177,76,34,Foreign,"Doctor somebody friend. How machine defense actually.
Mention them me couple each. Military people box both fast responsibility home. Democrat case medical.",https://picsum.photos/598/793,204.69,2024-11-04 21:27:14,2024-11-11 03:55:25,TRUE
178,94,17,Sea,Heavy movement way however old just. Fast machine around small instead material discuss. Those provide two beyond approach dream guess.,https://dummyimage.com/409x786,149.67,2024-07-29 14:56:56,2024-09-19 19:08:05,TRUE
179,52,36,Ok,"Always into medical once early feel step region. Eye people social receive.
Theory in animal local blood manage use. Once father play mind not. Close tree this great nature.",https://dummyimage.com/36x698,316.26,2024-08-19 12:13:02,2024-09-07 00:09:25,TRUE
180,24,7,Knowledge,"Trip behavior street learn who. Room every film exactly side. Tonight black where turn tonight great who.
Fill might him indeed. Finish family family discover even red agency.",https://dummyimage.com/826x271,350.03,2024-07-06 05:12:13,2024-08-18 08:57:22,TRUE
181,53,25,Become,"Light I have six investment husband. Process tell tax scientist task. Under ability north couple miss customer sign capital.
Just or fine move particularly purpose low. Dinner least leave.",https://picsum.photos/170/887,297.58,2024-01-16 10:30:53,2024-05-20 06:18:52,TRUE
182,22,35,After,"Event owner four of safe.
Camera role yet. Political baby nation hear several.
Follow speak serious finally gun peace though. Me sort pass difference speech more central simple.",https://placekitten.com/552/286,335.79,2024-02-26 10:53:09,2024-07-19 19:37:02,TRUE
183,51,40,Method,"Else concern sport. Technology successful move design.
Dark raise down thing theory example. Cost space him grow bad either. Resource recent side watch garden.",https://dummyimage.com/418x213,238.97,2024-07-21 06:31:01,2024-08-23 16:29:27,TRUE
184,55,13,Pretty,Structure community loss Democrat heart development. Every peace whose nation half. Plan them section next in his tax.,https://dummyimage.com/391x215,240.97,2024-01-03 22:41:09,2024-06-20 03:46:29,TRUE
185,86,32,Down,Visit society matter environment apply probably member nation. Real vote late foreign and various hotel leg. Store store quite who.,https://placekitten.com/454/742,162.53,2024-04-23 22:22:18,2024-11-11 05:06:57,TRUE
186,77,3,Necessary,Woman future event quality store present kitchen. Friend environment new cultural try computer. Box stock government specific consumer guess.,https://picsum.photos/213/61,224.77,2023-12-13 09:09:23,2023-12-28 13:18:45,TRUE
187,23,47,Experience,Together big want free choose money. Art movement college purpose miss realize out much. Car floor development factor bill.,https://picsum.photos/838/714,250.28,2024-04-02 14:03:20,2024-09-29 14:40:44,TRUE
188,75,13,Raise,"Challenge chance skin truth. Control ability will.
Idea rock give building. Each report run deep same whether full. Film moment act discuss.",https://picsum.photos/681/827,17.65,2024-02-26 15:36:47,2024-03-13 14:16:17,TRUE
189,60,25,Professor,Finish it case none finish anything artist. Hold recently close often nice.,https://placekitten.com/467/682,444.83,2024-03-15 20:12:41,2024-06-01 02:11:51,TRUE
190,5,33,Artist,"Near while board personal. Not west within ground environmental.
Ball drop research usually result accept. Side whole part indeed soon discover action. Occur include mind teacher strategy left.",https://dummyimage.com/483x341,489.56,2024-11-08 10:54:39,2024-11-11 07:57:30,TRUE
191,81,5,Nice,"Eye war idea baby something. May threat agency.
Important all cut white. Key manager television nearly this single look piece.",https://placekitten.com/467/225,344.72,2024-06-29 19:20:35,2024-07-16 10:03:33,TRUE
192,89,42,Leg,"Name tend company number early. Including always far push at environment.
Among sport concern everybody sign little debate. Identify at do manager attention. Win bad understand great.",https://placekitten.com/385/608,200.58,2024-05-13 06:41:23,2024-10-24 03:11:37,TRUE
193,52,2,Key,Kind ten inside. Style force trade effect. Produce campaign social word value. Office individual tonight prepare dinner.,https://dummyimage.com/599x254,62.5,2024-06-28 08:40:09,2024-07-07 23:17:51,TRUE
194,5,17,They,Up evidence mind party. How people various throw sit. Purpose whole use right church. Huge operation new idea will.,https://placekitten.com/263/688,437.21,2024-02-19 06:07:56,2024-03-24 19:33:54,TRUE
195,86,18,Give,Agreement include section he probably skin ready per. Find them civil example. Walk least charge same behind.,https://picsum.photos/471/621,364.91,2024-07-22 11:20:30,2024-08-09 16:48:17,TRUE
196,35,9,Each,"Western the few college. Training simple sort business kind behind. Affect risk expert north blood magazine star.
Field central skin dog who but. About eye piece total.",https://placekitten.com/998/615,377.05,2024-05-31 17:32:07,2024-06-13 14:46:41,TRUE
197,42,12,Action,"War card low strong smile end wonder. Answer century send west.
Price sell finally offer compare.
Difficult huge realize year recognize half model. Skill century pass commercial range we.",https://dummyimage.com/877x788,57.2,2024-11-01 01:38:24,2024-11-06 02:42:00,TRUE
198,59,45,Act,Institution discover meeting themselves piece relationship alone her. Carry expect far take hold.,https://dummyimage.com/912x932,168.45,2024-04-05 10:49:11,2024-11-10 17:28:27,TRUE
199,24,21,Choice,Establish stage adult kind moment themselves international. Marriage walk relate opportunity against dog start.,https://dummyimage.com/337x960,213.75,2024-03-23 08:31:26,2024-08-04 11:36:01,TRUE
200,81,27,Yard,"Condition away make deep father suddenly try new. Line usually until hit.
Far show everybody increase according drug why. Mention design may understand. Your record avoid.",https://placekitten.com/243/369,78.27,2024-01-03 14:52:28,2024-02-29 18:36:08,TRUE
